name,description,category,maker,price,model_no,range,octaves,sizes,image
"Celesta/ Celeste Studio Model","Celesta/ Celeste Studio Model 5.5 octave, C3-F8","Chromatic","Schiedmayer","$500","Studio","C3-F8",5.5,,"Celesta_6_icon.jpg"
"Keyboard Glockenspiel","Keyboard Glockenspiel 4.6 Octaves, C4-G8","Chromatic","Yamaha","$350","CEL-56PGL","C4-G8",4.6,,"keyboard_glock_s.jpg"
"Harmonium, pump organ, circa 1890s","Harmonium, pump organ, circa 1890s","Chromatic","Schiedmayer","$500","",,,,"harmonium_s.jpg"
"Toy piano","Toy piano 2.5 octaves","Chromatic","Schoenhut","$35","",,2.5,,"Piano_2-61x76.jpg"
"Melodica","Melodica 2.6 Octaves, F3-C6","Chromatic","Hohner","$25","","F3-C6",2.6,,"Melodica-80x39.jpg"
"Cimbalom, circa 1890s, made in Budapest","Cimbalom, circa 1890s, made in Budapest  4 Octaves, E2-E6 + low D2","Chromatic","Schunda","$250","","E2-E6",4,,"cimbalom_s.jpg"
"Dulcimer,","Dulcimer, Chromatic 3 octaves. C3-C6","Chromatic","","$80","","C3-C6",3,,"emil_dulcimer_s.jpg"
"Bulbul Tarang / ""Keyboard String Harp""","Bulbul Tarang / ""Keyboard String Harp"" From India","Chromatic","","$30","",,,,"emil_keyboardstringharp_s.jpg"
"Tuned Bell Plates","Tuned Bell Plates  2.3 Octaves (C2-G4)  (Can be rented in part or whole)  (Other pitches available upon request) Bell plates can be used (instead of bells) on Mahler Symphony 7,8,9, and in Berlioz's Symphonie Fantastique","Chromatic","LAPR","* Call for price","","C2-G4",2.3,,"Bell_Plates_1_icon.jpg"
"Giant Mbira/ Array Mbira / “bass mbira” / “bass kalimba” / “bass thumb piano”, “marimbula”","Giant Mbira/ Array Mbira / “bass mbira” / “bass kalimba” / “bass thumb piano”, “marimbula”  5 octaves, C1-B5","Chromatic","Array Instruments","$80","","C1-B5",5,,"array_mbira_s.jpg"
"Kalimba/Mbira/Thumb Piano, Fully Chromatic","Kalimba/Mbira/Thumb Piano, Fully Chromatic  keys on front and back, 2.1 Octaves, F#3-G5","Chromatic","Hugh Tracy","$25","","F#3-G5",2.1,,"Kalimba_1-34x43.jpg"
"Boo Bams/ Boobams","Boo Bams/ Boobams  2 Octaves, (F3-F5)","Chromatic","","$140","","F3-F5",2,,"boobams-76x66.jpg"
"Boo Bams/ Boobams","Boo Bams/ Boobams 2 Octaves, (F3-F5)","Chromatic","Gon Bops","$160","","F3-F5",2,,"emil_boobams_s.jpg"
"Tubolo / Slapaphone / Klong Put","Tubolo / Slapaphone / Klong Put 3 octaves. F3-F6","Chromatic","Fahringer","$160","","F3-F6",3,,"emil_tubolo_s.jpg"
"Flapamba","Flapamba  3.5 octaves, F1-C5","Chromatic","","$175","","F1-C5",3.5,,"emil_flapamba_s.jpg"
"Pipe Gamelan, tube a phone, tubaphone, tubophone","Pipe Gamelan, tube a phone, tubaphone, tubophone  Galvanized Pipes 3 octaves, F4-F7","Chromatic","","$125","","F4-F7",3,,"emil_pipegamelan_s.jpg"
"Brass Pipe Gamelan, tube a phone, tubaphone, tubophone","Brass Pipe Gamelan, tube a phone, tubaphone, tubophone  3 octaves, C4-C7","Chromatic","","$110","","C4-C7",3,,"emil_brasspipegamelan_s.jpg"
"Viscount Bells / Tube Bells, tube a phone, tubaphone, tubophone","Viscount Bells / Tube Bells, tube a phone, tubaphone, tubophone  2 Octaves, C6-C8","Chromatic","","$110","","C6-C8",2,,"emil_viscountbells_s.jpg"
"Tuned ""Anvils""","Tuned ""Anvils"" 2 octaves, C6-C8","Chromatic","Kolberg","$120","","C6-C8",2,,"emil_anvils_s.jpg"
"Satellite Drums/ Satellite Cans","Satellite Drums/ Satellite Cans 2 octaves, C4-C6","Chromatic","Pete Engelhart","$165","","C4-C6",2,,"emil_satellitedrums_s.jpg"
"Tuned chromatic almglocken/ Swiss cowbells","Tuned chromatic almglocken/ Swiss cowbells  3.8 octaves: F3-D7 (Can be rented in part or whole)  (other setups, i.e. for Messiaen also available)","Chromatic","","* Call for price","","F3-D7",3.8,,"Almglocken_Full_1_icon.jpg"
"Chromatic Cowbells , tuned cowbells, cencerros","Chromatic Cowbells , tuned cowbells, cencerros 2.5 octaves, F4-C7","Chromatic","","$130","","F4-C7",2.5,,"emil_chromaticcowbells_s.JPG"
"Metal Angklungs / Aluminum Chimes / Organ Chimes","Metal Angklungs / Aluminum Chimes / Organ Chimes 2 octaves. C4-C6 (lowest notes of range) 2 additional octaves ring per pitch (3 total notes)","Chromatic","Deagan","$165","5520","C4-C6",2,,"emil_metalangklungs_s.jpg"
"Bamboo Angklungs/ Ang Klings / anklung /angkloeng","Bamboo Angklungs/ Ang Klings / anklung /angkloeng  Thailand  4 octaves C2-C6","Chromatic","Various","Call","","C2-C6",4,,
"Hand Bells","Hand Bells 2 octaves, G4-G6","Chromatic","Schulmerich","$150","","G4-G6",2,,"emil_handbells_s.jpg"
"Tuned Sleigh Bells","Tuned Sleigh Bells 2 octaves, F4-F6","Chromatic","","$80","","F4-F6",2,,"emil_tunedsleighbells_s.jpg"
"Bulb Horns/Taxi Horns","Bulb Horns/Taxi Horns Chromatic 2 octaves, C4-C6","Chromatic","","$140","","C4-C6",2,,
"Trans celeste","Trans celeste  Brass square tubes  Tuned to sruti scale of India","Chromatic","Emil Richards","$140","",,,,"transceleste_s.jpg"
"Glock Tree (very ""scary"" sound)","Glock Tree (very ""scary"" sound)  Bars from 3 glockenspiels strung up on rack","Chromatic","Emil Richards","$65","",,,,"emil_glocktree_s.jpg"
"Tuned Bottles / bouteillophone","Tuned Bottles / bouteillophone 1 octave","Chromatic","Emil Richards","$40","",,1,,"emil_tunedbottles_s.jpg"
"JalTaRang","JalTaRang 1.4 octaves, C6-F7","Chromatic","Emil Richards","$65","","C6-F7",1.4,,"emil_jaltarang_s.jpg"
"Rub rods / Aluminum harp (round)","Rub rods / Aluminum harp (round) Chromatic 1 octave, G6-G7","Chromatic","","$115","","G6-G7",1,,"emil_rubrods2_s.jpg"
"Rubrods / aluminum harp (square tubes)","Rubrods / aluminum harp (square tubes) Chromatic 1 octave, G6-G7","Chromatic","","$115","","G6-G7",1,,"emil_rubrodssquare_s.jpg"
"Dowel-a-phone/ Dowel Xylophone, Ca. 1900","Dowel-a-phone/ Dowel Xylophone, Ca. 1900  2.9 octaves, C5-Bb7","Chromatic","Harry Bowers","$80","","C5-Bb7",2.9,,"dowelaphone_icon.jpg"
"Tuned Log Drums","Tuned Log Drums 1 octave, C3-C4","Chromatic","Equilibrium","$130","","C3-C4",1,,"emil_tunedlogdrums_s.jpg"
"Temple Blocks, Chromatic","Temple Blocks, Chromatic  Bb3-C5","Chromatic","Vaughcraft/  LAPR","$110","","Bb3-C5",,,"templeblocks_chromatic_icon.jpg"
"Tuned Wood Blocks, Chromatic","Tuned Wood Blocks, Chromatic  D5-G#6","Chromatic","LAPR","$110","","D5-G#6",,,"woodblocks_chromatic_icon.jpg"
"Piccolo Woodblocks / wood blocks","Piccolo Woodblocks / wood blocks  2 octaves, C6-C8","Chromatic","Emil Richards","$60","","C6-C8",2,,"emil_piccolowoodblocks_s.jpg"
"Piccolo Boo Bams","Piccolo Boo Bams  Chromatic - specs coming soon","Chromatic","Emil Richards","$60","",,,,
"Boom Whackers on stand","Boom Whackers on stand  3 Octaves, C2-C5","Chromatic","Rhythm Band Instruments","$75","","C2-C5",3,,
"Marimba, Robert Van Sice Artist Series, Height Adjustable","Marimba, Robert Van Sice Artist Series, Height Adjustable  5 octaves, C2-C7","Mallets","Adams","$200","MAHC50","C2-C7",5,,"marimba_adams_new_icon.jpg"
"Marimba, Alpha model, Height Adjustable","Marimba, Alpha model, Height Adjustable  5 octaves, C2-C7","Mallets","Adams","$200","MAHR50","C2-C7",5,,"marimba_adams_alpha_icon.jpg"
"Marimba, Soloist","Marimba, Soloist  5 octaves, C2-C7","Mallets","Marimba One","$220","","C2-C7",5,,"Marimba_One-127x48.jpg"
"Marimba, Rosewood, Height Adjustable","Marimba, Rosewood, Height Adjustable  4.5 octaves, F2-C7","Mallets","Yamaha","$175","YM-4900A","F2-C7",4.5,,"marimba_yamaha_icon.jpg"
"Marimba, Rosewood, ""Diana Deluxe"", ca. 1970s","Marimba, Rosewood, ""Diana Deluxe"", ca. 1970s  4 octaves, C3-C7","Mallets","Deagan","$150","652","C3-C7",4,,"Deagan_Marimba_2_icon.jpg"
"Bass Marimba","Bass Marimba 1.5 octaves C2-F3","Mallets","Brock","$200","","C2-F3",1.5,,"emil_bassmarimbabrock2_s.jpg"
"Contra-Bass marimba","Contra-Bass marimba 2 octaves, G1-G3","Mallets","Brock","$230","","G1-G3",2,,"emil_bassmarimbabrock_s.jpg"
"Bass Marimba","Bass Marimba  2 octaves, G1-G3","Mallets","Chris Banta","$230","","G1-G3",2,,"marimba_bass_icon.jpg"
"Nabimba, (Buzz Marimba)","Nabimba, (Buzz Marimba)  3 octaves, C3-C6","Mallets","Deagan","$175","7146","C3-C6",3,,"nabimba_s.jpg"
"Xylophone, Concert Series, Rosewood, Height Adjustable ","Xylophone, Concert Series, Rosewood, Height Adjustable 4 octaves, C4-C8","Mallets","Adams","$135","XCHV40","C4-C8",4,,"Xylo_Adams-103x59.jpg"
"Xylophone, Professional Rosewood, Height Adjustable","Xylophone, Professional Rosewood, Height Adjustable  3.5 Octaves, F4-C8","Mallets","Yamaha","$120","YX-350","F4-C8",3.5,,"xylo_yamaha_icon.jpg"
"Xylophone, ""Radio"" Xylophone, ca. 1930s, Rosewood","Xylophone, ""Radio"" Xylophone, ca. 1930s, Rosewood  3.5 octaves, F4-C8","Mallets","Deagan","$150","855B","F4-C8",3.5,,"xylo_deagan_two_s.jpg"
" Xylophone, Rosewood","Xylophone, Rosewood  3.5 octaves, F4-C8","Mallets","Musser","$120","M50","F4-C8",3.5,,"musser_xylo_s.jpg"
" Pit Xylophone, ca. 1930s","Pit Xylophone, ca. 1930s  3 octaves, C5-C8","Mallets","Deagan","$80","844","C5-C8",3,,"Xylo_Deagan_844-72x46.jpg"
"Xylorimba / Marimba-xylophone, xylomarimba","Xylorimba / Marimba-xylophone, xylomarimba 5 octaves, C3-C8","Mallets","Leedy","$175","","C3-C8",5,,"emil_xylorimba_s.jpg"
"Vibes, Century Vibraphone, ca. 1970s ","Vibes, Century Vibraphone, ca. 1970s 3 octaves, F3-F6","Mallets","Musser","$155","M75","F3-F6",3,,"vibes_musser_century_icon.jpg"
"Vibraphone, ""Aurora"" gold bar, ca. 1960s","Vibraphone, ""Aurora"" gold bar, ca. 1960s  3 octaves, F3-F6","Mallets","Deagan","$175","1100","F3-F6",3,,"vibes_deagan_icon.jpg"
"Vibraphone, ""Aurora"" gold bar, ca. 1960s","Vibraphone, ""Aurora"" gold bar, ca. 1960s  3 octaves, F3-F6","Mallets","Deagan","$175","1000","F3-F6",3,,"vibes_deagan_bowlingball_s.jpg"
"Vibraphone, Virtuoso Vibe, Height Adjustable","Vibraphone, Virtuoso Vibe, Height Adjustable  4 octaves, C3-C7","Mallets","Yamaha","$155","YV-4110","C3-C7",4,,"Yamaha_4-Octave_icon.jpg"
"Vibraphone, with pickups. Can use other effects pedals","Vibraphone, with pickups. Can use other effects pedals  3 octaves, F3-F6","Mallets","Deagan","$150","","F3-F6",3,,"vibes_deagan_pickups.jpg"
"Vibraphone, ""Electra-Vibe""","Vibraphone, ""Electra-Vibe""  electro-acustic vibraphone with on board reverb and direct outs to amplifier. Can use other effects pedals as well","Mallets","Deagan","$160","515",,,,"vibes_deagan_electr_s.jpg"
"Orchestra Bells/ Glockenspiel, Artist Series","Orchestra Bells/ Glockenspiel, Artist Series  Parsifal Bells, height adjustable w/ damper pedal  3.3 octaves, C5-E8","Mallets","Adams","$100","GAV-33","C5-E8",3.3,,"Bells_Parsifal_Adams-81x51.jpg"
"Orchestra Bells/ Glockenspiel","Orchestra Bells/ Glockenspiel  Parsifal Bells, Height Adj. w/ damper pedal  3.3 octaves, C5-E8","Mallets","Yamaha","$100","YG-2500","C5-E8",3.3,,"glock_yamaha_parsifal_icon.jpg"
"Roundtops, Orchestra Bells/ Glockenspiel","Roundtops, Orchestra Bells/ Glockenspiel  2.5 octaves, G5-C8","Mallets","Deagan","$80","1123","G5-C8",2.5,,"Roundtops_icon.jpg"
"Orchestra Bells/ Glockenspiel","Orchestra Bells/ Glockenspiel  2.5 octaves, G5-C8","Mallets","Deagan","$60","DG-1590A","G5-C8",2.5,,"glock_deagan_1590_icon.jpg"
"Orchestra Bells/ Glockenspiel","Orchestra Bells/ Glockenspiel  2.5 octaves, F5-C8","Mallets","Yamaha","$50","YG-1000","F5-C8",2.5,,"glock_yamaha_1000_icon.jpg"
"Orchestra Bells/ Glockenspiel with damper bar","Orchestra Bells/ Glockenspiel with damper bar  2.5 octaves, G5-C8","Mallets","Musser","$50","M646","G5-C8",2.5,,"musser_glock_646_s.jpg"
"Songbells, ca. 1920s, on height adjustable Adams voyager frame ","Songbells, ca. 1920s, on height adjustable Adams voyager frame 2.5 octaves, G4-C7","Mallets","Deagan","$130","100","G4-C7",2.5,,"Deagan_Song_Bells_5-56x66.jpg"
"Crotales/Tuned Discs, Chrome Folding Stand ","Crotales/Tuned Discs, Chrome Folding Stand 2 octaves, C6-C8","Mallets","Paiste","$100","CR 01002","C6-C8",2,,"paiste_crotales_s.jpg"
"Crotales/Tuned Discs","Crotales/Tuned Discs  2 octaves, C6-C8","Mallets","Zildjian","$100","P0615  P0625","C6-C8",2,,"Zildj_Crotales_2-102x44.jpg"
"Chimes/Tubular Bells, Deagan Tubes with Yamaha Frame","Chimes/Tubular Bells, Deagan Tubes with Yamaha Frame 1.6 octave, C4-G5","Mallets","Deagan/  Yamaha","$135","YCH-585","C4-G5",1.6,,"deagan_chimes_4_icon.jpg"
"Chimes/Tubular Bells","Chimes/Tubular Bells  1.5 octaves, C4-F5","Mallets","Deagan","$130","DC-9190A","C4-F5",1.5,,"chimes_deagan_chrome_icon.jpg"
"Chimes/Tubular Bells","Chimes/Tubular Bells 1.5 octaves, C4-F5","Mallets","Adams","$130","BK-3003C","C4-F5",1.5,,"chimes_adams_reg_s.jpg"
"Extended Range Bass Chimes/Tubular Bells","Extended Range Bass Chimes/Tubular Bells  1/2 octave, F3-B3","Mallets","Adams","$125","BK-3000C","F3-B3",2,,"chimes_adams_bass_icon.jpg"
"Chimes/Tubular Bells","Chimes/Tubular Bells  1.5 octaves, C4-F5  painted purple","Mallets","Deagan","$130","","C4-F5",1.5,,"chimes_purple.jpg"
"Dowel-a-phone/ Dowel Xylophone, Ca. 1900","Dowel-a-phone/ Dowel Xylophone, Ca. 1900  2.9 octaves, C5-Bb7","Mallets","Harry Bowers","$80","","C5-Bb7",2.9,,"dowelaphone_icon.jpg"
"Stone Marimba / “lithophone” / ""stonaphone""","Stone Marimba / “lithophone” / ""stonaphone"" 2 octaves, C3-C5","Mallets","","$125","","C3-C5",2,,"stone_marimba_s.jpg"
"Glass Marimba","Glass Marimba 2 octaves, C4-C6","Mallets","","$120","","C4-C6",2,,"emil_glassmarimba_s.jpg"
"Pipe Gamelan / tubaphone / tubophone","Pipe Gamelan / tubaphone / tubophone  Galvanized Pipes  3 octaves, F4-F7","Mallets","","$125","","F4-F7",3,,"emil_pipegamelan_s.jpg"
"Brass Pipe Gamelan / tubaphone / tubophone","Brass Pipe Gamelan / tubaphone / tubophone  3 octaves, C4-C7","Mallets","","$110","","C4-C7",3,,"emil_brasspipegamelan_s.jpg"
"Viscount Bells / Tube Bells","Viscount Bells / Tube Bells  similar to tube-a-phone / tubaphone / tubophone","Mallets","","$110","",,,,"emil_viscountbells_s.jpg"
"Flapamba","Flapamba  3.5 octaves, F1-C5","Mallets","","$160","","F1-C5",3.5,,"emil_flapamba_s.jpg"
" Malletkat / Mallet kat","Malletkat / Mallet kat  3 and 4 octave versions","Mallets","Alternate Mode","$100","Pro",,4,,"malletkat_icon.jpg"
"Tuned chromatic almglocken/ Swiss cowbells","Tuned chromatic almglocken/ Swiss cowbells  3.8 octaves: F3-D7 (Can be rented in part or whole)  (other setups, i.e. for Messiaen also available)","Accessories","",,"","F3-D7",3.8,,"Almglocken_Full_1_icon.jpg"
"Chromatic Cowbells/ tuned cowbells/ cencerros","Chromatic Cowbells/ tuned cowbells/ cencerros 2.5 octaves, F4-C7","Accessories","",,"","F4-C7",2.5,,"emil_chromaticcowbells_s.JPG"
"Tuned Bell Plates","Tuned Bell Plates  2.3 Octaves (C2-E4)  (Can be rented in part or whole)  (Other pitches available upon request) Bell plates can be used (instead of bells) on Mahler Symphony 7,8,9","Accessories","LAPR",,"","C2-E4",2.3,,"Bell_Plates_1_icon.jpg"
"Berlioz Bell Plates (C3 & G2) for ""Symphonie","Berlioz Bell Plates (C3 & G2) for ""Symphonie  Fantastique"" and Mahler Symphony 7, 8, 9  **Can be shipped for rental throughout U.S.**","Accessories","LAPR",,"",,,,"Bell_Plates_Berlioz-84x65.jpg"
"Large thunder sheet","Large thunder sheet","Accessories","LAPR",,"",,,,"thunder_sheet_large_icon.jpg"
"Medium thunder sheet","Medium thunder sheet","Accessories","LAPR",,"",,,,"thundersheet_med_s.jpg"
"Air- raid sirens, hand crank (i.e., for Ionisation)","Air- raid sirens, hand crank (i.e., for Ionisation)  **Can be shipped for rental throughout U.S.**","Accessories","Klaxon",,"",,,,"sirensnew-62x55.jpg"
"Oxygen/ gas tanks, suspended","Oxygen/ gas tanks, suspended  7 pitches, (i.e., for Lou Harrison repertoire)","Accessories","",,"",,,,"oxygen_tanks-59x45.jpg"
"Wind Machine, Extra- Large (i.e., for Grand Canyon Suite)","Wind Machine, Extra- Large (i.e., for Grand Canyon Suite)","Accessories","Rob Slack",,"",,,,"newwindmachine-57x64.jpg"
"Wind Machine, Large (i.e., for Grand Canyon Suite)","Wind Machine, Large (i.e., for Grand Canyon Suite)","Accessories","",,"",,,,"Emil_windmachine_large_s.jpg"
"Wind Machine, small, table top, hand crank","Wind Machine, small, table top, hand crank","Accessories","",,"",,,,"wind_machine_small_s.jpg"
"Mahler Box for Mahler Symphony 6","Mahler Box for Mahler Symphony 6","Accessories","LAPR/ Zach Manchester",,"",,,,"Mahler_box_icon.jpg"
"Automotive Suspension Coils","Automotive Suspension Coils","Accessories","",,"",,,,"coils-40x33.jpg"
" Taxi horns: A, B, C, D (i.e., for ""American in Paris"")","Taxi horns: A, B, C, D (i.e., for ""American in Paris"") ***Can be shipped for rental throughout U.S.**","Accessories","German Made",,"",,,,"taxi_horns_angle-63x52.jpg"
"Aluminaphone, micro-tonal aluminum tubes,","Aluminaphone, micro-tonal aluminum tubes, Arranged as shown or one long set","Accessories","Emil Richards",,"",,,,"aluminaphone_s.jpg"
"Toy piano, , ","Toy piano, 2.5 octaves, C3-F5","Accessories","Schoenhut",,"","C3-F5",2.5,,"Piano_2-61x76.jpg"
"Toy piano, , ","Toy piano, 3 octaves, F3-F6","Accessories","Schoenhut",,"","F3-F6",3,,"toy_piano_Schoenhut_red_icon.jpg"
"Large Bell Tree","Large Bell Tree","Accessories","Carroll Sound",,"",,,,"bell_tree_CS-20x50.jpg"
"Large Bell Tree","Large Bell Tree","Accessories","L.P.",,"LP450",,,,"bell_tree_LP-24x50.jpg"
"Death Knell","Death Knell  4 ft tall metal bar. 6 metal resonators amplify different harmonics. It's used as the bellsound to signify death","Accessories","",,"",,,,"emil_deathknell_s.jpg"
"Amphibiaphone, Turtle Shells","Amphibiaphone, Turtle Shells graduated in size, low - high  several tibres depending on differnt parts of the shell","Accessories","",,"call",,,,"amphibiaphone_s.jpg"
"Whale Drum","Whale Drum  8 pitches","Accessories","",,"",,,,"emil_whaledrum_s.jpg"
"Church Bell on rolling stand","Church Bell on rolling stand","Accessories","",,"",,,,"church_bell_s.jpg"
"Ship Bell, heavy bronze, on rolling road case","Ship Bell, heavy bronze, on rolling road case","Accessories","",,"",,,,"ship_bell_s.jpg"
"Giant Flexatone","Giant Flexatone  2 octave glissando  C5-C7 approx.","Accessories","",,"","C5-C7",2,,"emil_giantflexatone_s.jpg"
"Blacksmith Anvil","Blacksmith Anvil","Accessories","",,"",,,,"anvil_s.jpg"
"Pan- Man- Fan","Pan- Man- Fan","Accessories","Frederico Percussion",,"",,,,"fan_man_frederico-50x49.jpg"
"Set of small Chinese Temple Blocks","Set of small Chinese Temple Blocks","Accessories","",,"",,,,"Mini_Temple_Blocks-64x27.jpg"
"Vintage wood Temple Blocks","Vintage wood Temple Blocks","Accessories","Leedy",,"",,,,"temple_blocks_leedy-75x27.jpg"
"""Granite"" Temple Blocks","""Granite"" Temple Blocks","Accessories","LP",,"LP1210",,,,"granite_blocks_LP-75x44.jpg"
"Temple Blocks","Temple Blocks","Accessories","Vaughncraft",,"VC-2001",,,,"Vaughn_Temple_Blks_1-78x36.jpg"
"Temple Blocks, Chromatic","Temple Blocks, Chromatic  Bb3-C5","Accessories","Vaughncraft/  LAPR",,"","Bb3-C5",,,"templeblocks_chromatic_icon.jpg"
"Wood blocks","Wood blocks","Accessories","Vaughncraft",,"Various",,,,"Vaughn_Woodblocks_3-59x43.jpg"
"Chromatic Tuned Wood Blocks,","Chromatic Tuned Wood Blocks,  D5-G#6","Accessories","LAPR",,"","D5-G#6",,,"woodblocks_chromatic_icon.jpg"
"Piccolo Woodblocks","Piccolo Woodblocks 2 octaves, C6-C8","Accessories","",,"","C6-C8",2,,"emil_piccolowoodblocks_s.jpg"
"Tambourine","Tambourine","Accessories","Grover",,"",,,,"grover_tamb_icon.jpg"
"Tambourine,  head, single row silver jingles","Tambourine, 10"" head, single row silver jingles","Accessories","Grover",,"TAGRT2HTS",,,"10""","tambourine_grover-49x43.jpg"
"Log drum, Soprano, 2 pitches","Log drum, Soprano, 2 pitches","Accessories","Vaughncraft",,"VC-LD-Soprano",,,,"Vaughn_Log_Drum_Soprano-63x34.jpg"
"Log drum, Alto, 2 pitches","Log drum, Alto, 2 pitches","Accessories","Vaughncraft",,"VC-LD-Alto",,,,"Vaughn_Log_Drum_Alto-69x32.jpg"
"Log drum, Tenor","Log drum, Tenor","Accessories","Vaughncraft",,"VC-LD-Tenor",,,,"Vaughn_Log_Drum_Tenor-84x30.jpg"
"Log drum, Bass","Log drum, Bass","Accessories","Vaughncraft",,"VC-LD-Bass",,,,"Vaughn_Log_Drum_Bass-84x30.jpg"
"Tuned Log Drums","Tuned Log Drums 1 octave, C3-C4 Equilibrium","Accessories","Equilibrium",,"","C3-C4",1,,"emil_tunedlogdrums_s.jpg"
"Log drum, medium range, 6 pitches","Log drum, medium range, 6 pitches","Accessories","unknown",,"",,,,"log_drum-75x29.jpg"
"Kalimba/Mbira/Thumb Piano, Fully Chromatic,","Kalimba/Mbira/Thumb Piano, Fully Chromatic,  keys on front and back, 2.1 Octaves, F#3-G5","Accessories","Hugh Tracy",,"","F#3-G5",2.1,,"Kalimba_1-34x43.jpg"
"India,","India,  2 tones","Accessories","Taxi bell",,"",,,,"india_foot_bell_s.jpg"
"Melodica, , ","Melodica, 2.6 Octaves, F3-C6","Accessories","Hohner",,"","F3-C6",2.6,,"Melodica-80x39.jpg"
"Piano guts, Pianotron","Piano guts, Pianotron  Piano harp and strings mounted vertically for use for many extended techniques and sounds","Accessories","",,"",,,,"piano_guts_s.jpg"
"Camel bells, cast bronze","Camel bells, cast bronze","Accessories","",,"",,,,"camel_bells_s.jpg"
"Hand Bells","Hand Bells 2 octaves, G4-G6","Accessories","Schulmerich",,"","G4-G6",2,,"emil_handbells_s.jpg"
"Tuned Sleigh Bells","Tuned Sleigh Bells 2 octaves, F4-F6","Accessories","",,"","F4-F6",2,,"emil_tunedsleighbells_s.jpg"
"Tuned Bottles","Tuned Bottles 1 octave","Accessories","Emil Richards",,"",,1,,"emil_tunedbottles_s.jpg"
"Jal TaRang / rice bowls","Jal TaRang / rice bowls 1.4 octaves, C6-F7","Accessories","Emil Richards",,"","C6-F7",1.4,,"emil_jaltarang_s.jpg"
"Water Chimes,","Water Chimes,  4 brass plates that dip into water via foot pedal producing glissando effect","Accessories","Emil Richards",,"",,,,"water_chimes_s.jpg"
"Glock Tree","Glock Tree  Bars from 3 glockenspiels strung up on rack","Accessories","Emil Richards",,"",,,,"emil_glocktree_s.jpg"
"Glass Chimes","Glass Chimes","Accessories","",,"",,,,"glass_chimes_s.jpg"
"Bamboo wind chimes","Bamboo wind chimes","Accessories","",,"",,,,"bamboo_chimes_s.jpg"
"Wood chimes, large wood dowels","Wood chimes, large wood dowels","Accessories","LAPR",,"",,,,"wood_chimes_large_dowels_s.jpg"
"Wood chimes, skinny square dowels","Wood chimes, skinny square dowels","Accessories","LAPR",,"",,,,"wood_chimes_square_s.jpg"
"Variety of windchimes & mark trees","Variety of windchimes & mark trees","Accessories","Various",,"",,,,"windchimes_icon.jpg"
"Variety of drumset & ethnic tambourines","Variety of drumset & ethnic tambourines","Accessories","Various",,"",,,,"tambourines_icon.jpg"
"Variety of triangles, including orchestral, rustic, trashy, shimmery","Variety of triangles, including orchestral, rustic, trashy, shimmery","Accessories","Various",,"",,,,"triangles_icon.jpg"
"Variety of whistles & sound effects","Variety of whistles & sound effects","Accessories","Various",,"",,,,"soundfx_icon.jpg"
"Variety of shakers","Variety of shakers","Accessories","Various",,"",,,,"shakers_icon.jpg"
"Variety of cowbells","Variety of cowbells","Accessories","Various",,"",,,,"cowbells_icon.jpg"
"Variety of scrapers, guiros, and shekeres","Variety of scrapers, guiros, and shekeres","Accessories","Various",,"",,,,"guiros_icon.jpg"
" Variety of wood blocks","Variety of wood blocks","Accessories","Various",,"",,,,"woodblocks_icon.jpg"
"Variety of ""junk"" percussion & metals: oxygen tanks, ribbon","Variety of ""junk"" percussion & metals: oxygen tanks, ribbon  crashers, spoons, tin canisters, brake drums, etc.","Accessories","Various",,"",,,,"metals_icon.jpg"
"Fender Hot Rod ""Deville"" ","Fender Hot Rod ""Deville"" 2x12""","Backline",,"$55",,,,"2x12""","fender_deville_s.jpg"
"Fender '65 Deluxe Reverb Vintage Reissue ","Fender '65 Deluxe Reverb Vintage Reissue 1x12""","Backline",,"$45",,,,"1x12""","fender_deluxe_s.jpg"
"Fender             ""Blues Deluxe"" ","Fender ""Blues Deluxe"" 1x12""","Backline",,"$45",,,,"1x12""","fenderbluesdeluxe_s.jpg"
"Fender '65 ","Fender '65 Twin Reverb Vintage Reissue 1x12""","Backline",,"$55",,,,"1x12""","fender_twin_s.jpg"
"Vox AC30","Vox AC30 Alnico Blues AC30C2X 2x12""","Backline",,"$55",,,,"2X
2, 12""","vox_ac30_s.jpg"
"SWR California Blonde","SWR California Blonde 1x12""","Backline",,"$45",,,,"1x12""","swr_cal_blonde_S.jpg"
"SWR Working Man 15","SWR Working Man 15  1x15""","Backline",,"$45",,,,"1x15""","swr_working15_s.jpg"
"Gallien Krueger Neo 410 with 1001RB","Gallien Krueger Neo 410 with 1001RB  4x10""","Backline",,"$90",,,,"4x10""","gk_neo410_s.jpg"
"Gallien Krueger Neo 115 with 1001RB","Gallien Krueger Neo 115 with 1001RB  1x15""","Backline",,"$90",,,,"1x15""","gk_neo15_s.jpg"
"Gallien Krueger RBX 115 with 1001RB","Gallien Krueger RBX 115 with 1001RB  1x15""","Backline",,"$90",,,,"1x15""","gk_rbx_s.jpg"
"Gallien Krueger Neo full stack , 1001RB","Gallien Krueger Neo full stack , 1001RB  1x15"", 4x10""","Backline",,"$120",,,,"1x15"", 4x10""","gk_full_stack_s.jpg"
"Ampeg VST with Tube amp head","Ampeg VST with Tube amp head  8x10""","Backline",,"$120",,,,"8x10""","ampeg_s.jpg"
"Custom Metal body guitar","Custom Metal body guitar","Backline",,"$60",,,,,"guitar_s.jpg"
"Fender Stratocaster (white), American made","Fender Stratocaster (white), American made","Backline",,"$70",,,,,"fender_strat_s.jpg"
"Fender Jazz Bass, 5-string, American made","Fender Jazz Bass, 5-string, American made","Backline",,"$70",,,,,"jazz_bass_s.jpg"
"Yamaha BB-Series Bass","Yamaha BB-Series Bass","Backline",,"$60",,,,,"yamaha_bass_s.jpg"
" Geman made, 3/4 acoustic, stand up, double bass, carved top & sides","Geman made, 3/4 acoustic, stand up, double bass, carved top & sides","Backline",,"$100",,,,,"acoustic_bass_s.jpg"
"Yamaha S90","Yamaha S90","Backline",,"$110",,,,,"s90_s.jpg"
"Korg MS2000b","Korg MS2000b","Backline",,"$75",,,,,"korg_ms2000b_s.jpg"
"Roland Key-tar / Keytar","Roland Key-tar / Keytar  Axis-1 / AX","Backline",,"$60",,,,,
"Roland KC550 Keyboard amp","Roland KC550 Keyboard amp  1x15""","Backline",,"$45",,,,"1x15""","roland_kc550_s.jpg"
"The NEW Rhodes Mark 7 88A with speaker platform","The NEW Rhodes Mark 7 88A with speaker platform  Hi-gloss finish   The Mark 7 is modeled after the vintage Mark V and is a genuine electro-mechanical piano, built from scratch by Rhodes.  Full length wooden piano keys  Improved action Relatively easy adjustment of sound quality to brighten or deaden notes  Better sustain out of the high register  Stronger full tone in the bass 3 band active EQ with ""sweep-able"" midrange  XLR direct outs  500 watt class D amp (lighter) speaker platform  Retains classic sound but with better reliability","Backline",,"$230",,,,,"rhodes_88_s.jpg"
"The NEW Rhodes Mark 7 73A with speaker platform","The NEW Rhodes Mark 7 73A with speaker platform  Rhodes-touch finish  (See notes above for new Rhodes Mark 7)","Backline",,"$200",,,,,"Rhodes-73A_s.jpg"
"Malletkat/ Mallet kat ","Malletkat/ Mallet kat Pro  3 & 4 octave versions","Backline",,"$100",,,4,,"malletkat_icon.jpg"
" Timpani/ Kettledrums, 7200 Series, Balance Action, hand-hammered ","Timpani/ Kettledrums, 7200 Series, Balance Action, hand-hammered copper bowls, extended collar w/ deluxe tuning gauges 20"", 23"", 26"", 29"", 32""","Concert Drums","Yamaha","$60 Each Drum","7200 Series",,,"20"", 23"", 26"", 29"", 32""","timpani_7200series_icon.jpg"
"Timpani/ Kettledrums, 6200 Series, Balance Action, smooth-copper bowls,","Timpani/ Kettledrums, 6200 Series, Balance Action, smooth-copper bowls, extended collar w/ deluxe tuning gauges  23"", 26"", 29"", 32""","Concert Drums","Yamaha","$50  Each Drum","6200 Series",,,"23"", 26"", 29"", 32""","timpani_yamaha_smooth_icon.jpg"
"Timpani/ Kettledrums, Generation II Series, Professional, Hand Hammered","Timpani/ Kettledrums, Generation II Series, Professional, Hand Hammered  cambered copper bowls, w/ tuning gauges  23"",26"",29"",32""","Concert Drums","Adams","$60 Each Drum","P2DHSET4",,,"23"", 26"", 29"", 32""","adams_timps_g2_icon.jpg"
" Brass piccolo, free-floating snare drum, , ","Brass piccolo, free-floating snare drum, 14""x3.5"", w/ Black Swamp snares,  Remo Renaissance batter head","Concert Drums","Pearl","$25","FB-1435/C",,,"14""x3.5""","snare_pearl_1-106x53.jpg"
"Concert snare drum, solid rosewood stave shell,","Concert snare drum, solid rosewood stave shell,  multi-strainer snare, 14""x5"",  Remo Skyntone batter head","Concert Drums","Yamaha","$50","GSR-1450",,,"14""x5""","Yamaha_Concert_2-87x50-1.jpg"
"The Berlin Symphonic Series Concert Snare Drum,","The Berlin Symphonic Series Concert Snare Drum,  thin maple shell,  14""x6.5""  Remo Renaissance batter head","Concert Drums","Yamaha","$40","BSM-1465",,,"14""x6.5""","yamaha_berlin_icon.jpg"
"G3 Orchestral Snare Drum, maple shell,","G3 Orchestral Snare Drum, maple shell,  multi-strainer snare, 14""x6.5""  Remo Skyntone batter head","Concert Drums","Grover","$40","G3D-6",,,"14""x6.5""","grover_concert_snare_icon.jpg"
"Black Beauty, , w/ tube lugs, w/ Remo ","Black Beauty, 14""x5"", w/ tube lugs, w/ Remo Renaissance heads","Concert Drums","Ludwig","$35","LB416T",,,"14""x5""","Black_Beauty-97x56.jpg"
"Philharmonic snare drum, cast aluminum, ","Philharmonic snare drum, cast aluminum, multi-strainer snare, 14""x6.5"" w/ Remo Renaissance heads","Concert Drums","Pearl","$35","PHA-1465",,,"14""x6.5""","Pearl_Concert_Snare-90x56.jpg"
"Custom Drum with Vaughncraft shell made of ","Custom Drum with Vaughncraft shell made of 1 solid single ply of Cocobolo Rosewood. 14""x6.5""","Concert Drums","Vaughncraft/ Pork Pie","$30","",,,"14""x6.5""","Vaughn_SD_4-94x59.jpg"
"Tenor drum / field drum / tabor / tabour / long drum","Tenor drum / field drum / tabor / tabour / long drum  optional snares with throw off, 14""x19""","Concert Drums","Sonor","$40","ML 1419 WA",,,"14""x19""","tenor_drum_sonar_s.jpg"
"Tabor / Tabour / long drum","Tabor / Tabour / long drum Deep Snare Cocktail Snare Drum Field Drum 14x26""","Concert Drums","Slingerland","$40","",,,"14x26""","cocktail_snare_s.jpg"
"Field drum, maple, wound snares","Field drum, maple, wound snares  15""x10""","Concert Drums","Leedy","$35","",,,"15""x10""","leedy_field_drum_s.jpg"
"Tube-lug field drum, mahogony, w/ gut snares, ","Tube-lug field drum, mahogony, w/ gut snares, 15""x12"",w/ calf heads or Remo Renaissance heads","Concert Drums","Slingerland","$35","",,,"15""x12""","Field_Snare_2-91x87.jpg"
"Field drum, Tabor / tabour / long drum","Field drum, Tabor / tabour / long drum  maple, signature series  15x19""","Concert Drums","Sonor","$40","",,,"15x19""","field_drum_sonar_s.jpg"
"Rope tension field drum with gut snares","Rope tension field drum with gut snares  16""x18""","Concert Drums","Cooperman","$45","",,,"16""x18""","cooperman_snare_s.jpg"
"Field drum,","Field drum,  tube lugs  17x12""","Concert Drums","Leedy","$40","",,,"17x12""","Emil_leedy_tube_fielddrum_s.jpg"
"Tenor Drum","Tenor Drum  17""x12""","Concert Drums","Ludwig","$30","",,,"17""x12""","Tenor_Drum_12-99x103.jpg"
"Concert Bass Drum, , w/ Remo NuSkin ","Concert Bass Drum, 40""x18"", w/ Remo NuSkin or Fiberskin heads","Concert Drums","Yamaha","$70","CB640B",,,"40""x18""","Yamaha_BD_40-2-85x108.jpg"
"Concert Bass Drum, , w/ Remo NuSkin or","Concert Bass Drum, 36""x22"", w/ Remo NuSkin or  Fiberskin heads","Concert Drums","Adams","$80","ABDS3622",,,"36""x22""","BD_Adams_36x22_icon.jpg"
"Concert Bass Drum, , w/ Remo NuSkin or","Concert Bass Drum, 36""x16"", w/ Remo NuSkin or  Fiberskin heads","Concert Drums","Yamaha","$65","CB636B",,,"36""x16""","Yamaha_BD_36-2-73x94.jpg"
"Concert Bass Drum, , w/ Remo NuSkin or","Concert Bass Drum, 32""x16"", w/ Remo NuSkin or Fiberskin heads","Concert Drums","Yamaha","$60","CB632B",,,"32""x16""","yamaha_bd-32_icon.jpg"
"Concert Bass Drum, , w/ Remo NuSkin or","Concert Bass Drum, 28""x16"", w/ Remo NuSkin or Fiberskin heads","Concert Drums","Yamaha","$55","CB628B",,,"28""x16""","yamaha_bass_drum_28_icon.jpg"
"Vintage Concert Bass Drum, , w/ Remo ","Vintage Concert Bass Drum, 28""x14"", w/ Remo NuSkin heads","Concert Drums","Leedy","$60","",,,"28""x14""","leedy_28_s.jpg"
"Rope tension bass drum","Rope tension bass drum  24x14""","Concert Drums","Cooperman","$60","",,,"24x14""","cooperman_bass_s.jpg"
"Pearl Marching Drums with harnesses","Pearl Marching Drums with harnesses  Snares  Bass Drums  Tenors/marching toms","Concert Drums","Pearl","call","",,,,"marching_drums_s.jpg"
"Marching Snares (several available)","Marching Snares (several available)  14"" dia","Concert Drums","Pearl","$45/ea","FFX1412",,,"14""","marching_snare_new_s.jpg"
"Marching Tenors ""quints"" (six drums)","Marching Tenors ""quints"" (six drums)","Concert Drums","Pearl","$65/ea","PMT-660234/A",,,,"marching_tenors_s.jpg"
"Marching bass drums","Marching bass drums  20x14"",24x14"",26x14"",30x16""","Concert Drums","Pearl","$45/ea","PBD-2012  PBD-2414  PBD-2614  PBD-3016",,,"20x14"", 24x14"", 26x14"", 30x16""","marching_basses_s.jpg"
"Concert Toms, Maple Custom,","Concert Toms, Maple Custom,  8"",10"",12"",13"",14"",16""  Remo Skyntone batter heads","Concert Drums","Yamaha","$100","",,,"8"", 10"", 12"", 13"", 14"", 16""","concert_toms_yamaha_icon.jpg"
"Designer Series, single headed","Designer Series, single headed 8"",10"",12"",14"",16"",18""","Concert Drums","Sonor","$100","",,,"8"", 10"", 12"", 14"", 16"", 18""","conert_toms_sonar_s.jpg"
"Concert Toms, Maple","Concert Toms, Maple 8"",10"",12"",14""16"" w/ suspension system, Remo Renaissance batter heads","Concert Drums","Tama/ Starclassic","$100","",,,"8"", 10"", 12"", 14"", 16""","concert_toms_4-104x70.jpg"
"Standard Roto-Toms","Standard Roto-Toms 6"",8"",10"",12"",14"",16"",18"" with stands","Concert Drums","Remo","$100","",,,"6"", 8"", 10"", 12"", 14"", 16"", 18""","rototoms_icon.jpg"
"Roto-Tom with pedal, . (can be used w/  any size Roto-Tom in set. Works for piccolo timpano)","Roto-Tom with pedal, 18"". (can be used w/ any size Roto-Tom in set. Works for piccolo timpano)","Concert Drums","Remo","$40","",,,"18""","roto_pedal_s.jpg"
"Timbales, Alex Acuna model, brass","Timbales, Alex Acuna model, brass 13""&14""","Ethnic & Hand Drums","Gon Bops","$40","GBAATMBR  1314",,,"13"", 14""","Gon_Bops_Timb_Small-75x50.jpg"
"Timbales, Alex Acuna model, brass","Timbales, Alex Acuna model, brass 14""&15""","Ethnic & Hand Drums","Gon Bops","$40","GBAATMBR  1415",,,"14"", 15""","Gon_Bops_Timbales_Large_1-75x51.jpg"
"Timbales, Humberto Morales model, brass, calfskin heads","Timbales, Humberto Morales model, brass, calfskin heads  13""&14""","Ethnic & Hand Drums","Leedy","$50","",,,"13"", 14""","leedy_timb_1-36x44.jpg"
"Timbales, Tito Puente model","Timbales, Tito Puente model  14"" x 15""","Ethnic & Hand Drums","L.P.","$40","LP257-S",,,"14"" x 15""","14_15_timbales_2-46x42.jpg"
" Timbalitos, Tito Puente","Timbalitos, Tito Puente  9.25""&10.25""","Ethnic & Hand Drums","L.P.","$40","LP272-S",,,"9.25"", 10.25""","timbales_LP-34x50.jpg"
"California Series","California Series Quinto, Conga, Tumba","Ethnic & Hand Drums","Gon Bops","$25/ each drum","GBCAAOSO1075  GBCAAOSO1150  GBCAAOSO1125",,,,"Congas_GB_3-75x58.jpg"
"Vintage, classic conga sound, (great for recording)","Vintage, classic conga sound, (great for recording)  Quinto, Conga","Ethnic & Hand Drums","Gon Bops","$25/ each drum","",,,,"gon_bops_old_s.jpg"
"Giovanni signature (Galaxy) ","Giovanni signature (Galaxy) Quinto, Conga, Tumba","Ethnic & Hand Drums","L.P.","$25/ each drum","LP805Z-AW  LP806Z-AW  LP807Z-AW",,,,"Congas_LP_Giovanni2-72x45.jpg"
"Bongos, California Series","Bongos, California Series","Ethnic & Hand Drums","Gon Bops","$40","GBCAAOLCO785",,,,"Bongos_GB_3-70x39.jpg"
"Bongos, California Series","Bongos, California Series","Ethnic & Hand Drums","Gon Bops","$40","GBCAAOLC0785C",,,,"gon_bops_bongos_nat_icon.jpg"
"Bongos, Generation II with gold hardware","Bongos, Generation II with gold hardware","Ethnic & Hand Drums","L.P.","$35","",,,,
"Bongos, fiberglass, professional model","Bongos, fiberglass, professional model","Ethnic & Hand Drums","L.P.","$35","LP200XF-BK",,,,"bongos_LP-75x35.jpg"
"Bata","Bata  Iya, Itolele / Omele, Oconcolo","Ethnic & Hand Drums","L.P.","$85","LP490-AWC  LP491-AWC  LP492-AWC",,,,"bata_three_s.jpg"
"Cajon with string/snare sound on 1 side","Cajon with string/snare sound on 1 side","Ethnic & Hand Drums","Fat Congas","$40","CJST",,,,"cajon_fat_flamenco_icon.jpg"
"Cajon, Cuban style, ""tumba cajon""","Cajon, Cuban style, ""tumba cajon""","Ethnic & Hand Drums","Fat Congas","$40","CJ13",,,,"cajon_cuban_icon.jpg"
" Cajon,  Alex Acuna model","Cajon, Alex Acuna model","Ethnic & Hand Drums","D.W./Gon Bops","$30","GBCPCJAA",,,,"Cajon_GB_5-45x50.jpg"
"Bombo, from Peru, llama skin, hair on heads","Bombo, from Peru, llama skin, hair on heads  14""x14""","Ethnic & Hand Drums","","$35","",,,"14""x14""","bombo_14_icon.jpg"
"Bombo, from Argentina, llama skin, hair on heads","Bombo, from Argentina, llama skin, hair on heads  16"" x 16""","Ethnic & Hand Drums","","$35","",,,"16"" x 16""","bombo-44x46.jpg"
"Native American Toms / ""American Indian Drums""","Native American Toms / ""American Indian Drums""  3 drums with skin heads on rolling stand  14x18"",17x19"",20x22""","Ethnic & Hand Drums","","$120","",,,"14x18"", 17x19"", 20x22""","native_american_toms_s.jpg"
"Taval / Tapan","Taval / Tapan  16x12""","Ethnic & Hand Drums","","$30","",,,"16x12""","taval_s.jpg"
"Chinese tom-tom","Chinese tom-tom 10""","Ethnic & Hand Drums","","$15","",,,"10""","chinese_10_icon.jpg"
"Chinese Tom-toms","Chinese Tom-toms  13"", 14""","Ethnic & Hand Drums","","$40","",,,"13"", 14""","Chinese_Toms_3-74x35.jpg"
"Chinese guban","Chinese guban  8""x4""","Ethnic & Hand Drums","","$20","",,,"8""x4""","Emil_guban_s.jpg"
"Chinese flower pot drum/ hau pen gu","Chinese flower pot drum/ hau pen gu","Ethnic & Hand Drums","","$50","",,,,"chinese_flower_pot_drum_icon.jpg"
"Giant Chinese  drums on stands/ da tanggu","Giant Chinese drums on stands/ da tanggu  Similar to taikos  48x 31""","Ethnic & Hand Drums","","$275 ea. drum  $500/ pair","",,,"48x 31""","da_tanggu_icon.jpg"
"Large Taiko (Nagado Daiko) Drums, Tuneable Heads","Large Taiko (Nagado Daiko) Drums, Tuneable Heads  26x20""","Ethnic & Hand Drums","Remo","$120/ ea. drum","JN-0420-BR",,,"26x20""","taikos_icon.jpg"
"Taiko/ Daiko drum, black finish","Taiko/ Daiko drum, black finish  23x27"" on tall stand","Ethnic & Hand Drums","","$150","",,,"23x27""","emil_taiko2_s.jpg"
"Taiko/ Daiko drum, Blonde finish","Taiko/ Daiko drum, Blonde finish  24x26"" on tall stand","Ethnic & Hand Drums","","$150","",,,"24x26""","emil_taikoblonde_s.jpg"
"Taiko/ Daiko drum, black finish","Taiko/ Daiko drum, black finish  24x28"" on tall stand","Ethnic & Hand Drums","","$150","",,,"24x28""","emil_taiko1_s.jpg"
"Rin Bowls / singing bowls / temple bowls / dobachi","Rin Bowls / singing bowls / temple bowls / dobachi","Ethnic & Hand Drums","","$10/each","",,,,"rin_bowls_icon.jpg"
"Dharma Bells","Dharma Bells Microtonal 2.5 octaves, F3-C6","Ethnic & Hand Drums","","$120","","F3-C6",2.5,,"emil_dharmabells_s.jpg"
"JalTaRang","JalTaRang 1.4 octaves, C6-F7","Ethnic & Hand Drums","Various","$65","","C6-F7",1.4,,"emil_jaltarang_s.jpg"
"Medium Surdo w/ strap","Medium Surdo w/ strap  16x16""","Ethnic & Hand Drums","Remo","$40","SU-3816-10",,,"16x16""","Remo_Surdo_1-50x61.jpg"
" Medium/ large Surdo drum w/ strap or as shown with optional legs","Medium/ large Surdo drum w/ strap or as shown with optional legs  18x22""","Ethnic & Hand Drums","Remo","$45","",,,"18x22""","Remo_Surdo_4-56x86.jpg"
" Large Surdo drum w/ strap or as shown with optional legs ","Large Surdo drum w/ strap or as shown with optional legs 20x22""","Ethnic & Hand Drums","Remo","$50","SU-6420-10",,,"20x22""","Remo_Surdo_4-56x86.jpg"
"Repinique","Repinique  12x11""","Ethnic & Hand Drums","RMV","$25","",,,"12x11""","repinique_icon.jpg"
"Caixa, Brazilian Snare Drum","Caixa, Brazilian Snare Drum  12x4""","Ethnic & Hand Drums","RMV","$20","",,,"12x4""","caixa_icon.jpg"
"Cuica","Cuica  10x11""","Ethnic & Hand Drums","Toca","$15","T2548",,,"10x11""","cuica.jpg"
"Bermibau","Bermibau","Ethnic & Hand Drums","","$30","",,,,"berimbau_icon.jpg"
"Pandeiro","Pandeiro","Ethnic & Hand Drums","Contemporanea","$10","",,,,"pandero_icon.jpg"
"Tambourim","Tambourim","Ethnic & Hand Drums","L.P.","$8","",,,,"tamborim_icon.jpg"
"Didgeridoo","Didgeridoo","Ethnic & Hand Drums","Meinl","$10","",,,,"digeridoo_icon.jpg"
"Tabla and Bayan from India, professional","Tabla and Bayan from India, professional","Ethnic & Hand Drums","","$40","",,,,"tabla_new_icon.jpg"
"Pakhawaj, India, ","Pakhawaj, India, 2 headed barrel drum similar to tabla and mridangam","Ethnic & Hand Drums","","$40","",,,,"pakhawaj_s.jpg"
"Dholak / Dhol","Dholak / Dhol","Ethnic & Hand Drums","","$40","",,,,"dholak_s.jpg"
"Chimtas, India, pair","Chimtas, India, pair","Ethnic & Hand Drums","","$15","",,,,"jingle_sticks_india_s.jpg"
"Bulbul Tarang / ""Keyboard String Harp""","Bulbul Tarang / ""Keyboard String Harp""  From India","Ethnic & Hand Drums","","$30","",,,,"emil_keyboardstringharp_s.jpg"
"Taxi bell, India","Taxi bell, India  2 tones (ding - dong)","Ethnic & Hand Drums","","$20","",,,,"india_foot_bell_s.jpg"
"Janggu / Changgo / Seyogo","Janggu / Changgo / Seyogo  Korea, Rope tuned  10x21""","Ethnic & Hand Drums","","$40","",,,"10x21""","korean_drum_large_s.jpg"
"Janggu / Changgo / Seyogo","Janggu / Changgo / Seyogo Korea, Rope tuned 9x15""","Ethnic & Hand Drums","","$35","",,,"9x15""","korean_drum_small_s.jpg"
"Ghatum","Ghatum","Ethnic & Hand Drums","","$25","",,,,"ghatum_icon.jpg"
"Udu, Claytone #3","Udu, Claytone #3","Ethnic & Hand Drums","LP","$20","LP-1400C3",,,,"udu_icon.jpg"
"Udu Drums Frank Giorgini","Udu Drums Frank Giorgini 4 sizes","Ethnic & Hand Drums","Frank Giorgini","$120/set","Udu #1  Udu #2  Udu #3  Udu #4",,,,"emil_udus_s.jpg"
"Doumbek/ darbuka","Doumbek/ darbuka  9"" head","Ethnic & Hand Drums","Remo","$30","DK-3009-91",,,"9""","Remo_Doumbek_1-44x64.jpg"
"Djembe, fiberglass, professional","Djembe, fiberglass, professional  12"" goatskin head","Ethnic & Hand Drums","Meinl","$35","DJF3",,,"12""","djembe_meinl_small_icon.jpg"
"Djembe, fiberglass, professional","Djembe, fiberglass, professional  12 3/4"" goatskin head","Ethnic & Hand Drums","Meinl","$35","DJF2",,,"4""","djembe_meinl_12-37x62.jpg"
"Djembe, wood, Giovanni signature (Galaxy)","Djembe, wood, Giovanni signature (Galaxy)  14"" head","Ethnic & Hand Drums","L.P","$40","LP7972-AWG",,,"14""","lp_djembe-46x60.jpg"
"Djembe, ""Mother"", professional","Djembe, ""Mother"", professional  21"" goatskin head  <-----(on right- hand side; average size djembe on left)","Ethnic & Hand Drums","Meinl","$70","DJW21",,,"21""","djembes_mother_and_son-34x50.jpg"
"Djembe, carved","Djembe, carved  12"" head","Ethnic & Hand Drums","","$25","",,,"12""","djembe_carved_icon.jpg"
"Sogo, Ewe drum, peg tuned","Sogo, Ewe drum, peg tuned  from Ghana  8"" Head x 26"" Tall","Ethnic & Hand Drums","","$40","",,,"8"", 26""","sogo_icon.jpg"
"Djun, Djun set","Djun, Djun set  3 drums on rolling stand  12x12"", 16x16"",19x19""","Ethnic & Hand Drums","","$120","",,,"12x12"", 16x16"", 19x19""","djun_djun_set_s.jpg"
"Djun djun,","Djun djun,  10x19""","Ethnic & Hand Drums","","$25","",,,"10x19""","djun_djun_icon.jpg"
"Extra Large Djun Djun","Extra Large Djun Djun  23x34""","Ethnic & Hand Drums","","$65","",,,"23x34""","giant_djun_djun_s.jpg"
"Talking drum","Talking drum  8x18""","Ethnic & Hand Drums","Remo","$30","TD-0818-07",,,"8x18""","talking_drum_remo_s.jpg"
"Talking drum","Talking drum  6x13""","Ethnic & Hand Drums","L.P.","$30","LP751",,,"6x13""","talking_drum_lp_s.jpg"
"Nada drum. talking drum","Nada drum. talking drum","Ethnic & Hand Drums","L.P.","$30","",,,,"nada_drum_s.jpg"
"Slit drum, log drum","Slit drum, log drum","Ethnic & Hand Drums","","$30","",,,,"slit_drum_s.jpg"
"Shekeres, real gourd, small, medium, large","Shekeres, real gourd, small, medium, large  Uno, Segundo, Caja","Ethnic & Hand Drums","Pearl","$10/each","PSK50FC PSK60FC  PSK70FC",,,,"shekeres_icon.jpg"
"Axatse, African","Axatse, African","Ethnic & Hand Drums","","$10/each","",,,,"axatse_icon.jpg"
"Bodhran,  dia., tunable","Bodhran, 18"" dia., tunable","Ethnic & Hand Drums","LP","$25","WB239",,,"18""","bodrhan_icon.jpg"
"Large Rainstick","Large Rainstick","Ethnic & Hand Drums","","$10","",,,,"rainstick_icon.jpg"
"""Jamaican Drum""","""Jamaican Drum""  12"" calf head x 25"" deep","Ethnic & Hand Drums","","$25","",,,"12"", 25""","jamaican_drum_icon.jpg"
"Quijada, ""jawbone of an ass""","Quijada, ""jawbone of an ass""  (predecessor of Vibraslap)","Ethnic & Hand Drums","","$10","",,,,"jawbone_icon.jpg"
"Variety of Brazilian instruments ","Variety of Brazilian instruments (including caixa, repinique, berimbau, surdo,  pandeiro, tamborim, caxixi, reco reco, ganza, etc.)","Ethnic & Hand Drums","Various","Various","",,,,"brazilian_drums-75x43.jpg"
"Variety of other West African instruments ","Variety of other West African instruments (including sogo, talking drum,bells, etc.)","Ethnic & Hand Drums","Various","Various","",,,,"african_drums-50x47.jpg"
"Chinese lute","Chinese lute","Ethnic & Hand Drums","","$55","",,,,"chinese_lute_icon.jpg"
" Tenor steel pan, ""Invader"" Style, Painted,","Tenor steel pan, ""Invader"" Style, Painted, ca.1970's, ""old"" steel drum sound.","Steel Drums","","$60",,"B3-E6  2.5 Octaves",,,"invader_pan_2_icon.jpg"
"Tenor steel pan/ steel drum, ca. 1990's","Tenor steel pan/ steel drum, ca. 1990's","Steel Drums","Lincoln/  Andy Deils","$100",,"C4-E6  2.3 Octaves",,,"C_Tenor_Pan_2-69x61.jpg"
"Tenor steel pan/ steel drum, 1997","Tenor steel pan/ steel drum, 1997","Steel Drums","Mitch  Cunningham/  Bertie Marshall","$170",,"D4-F#6  2.3 Octaves",,,"pan_marshall_tenor-66x56.jpg"
"Tenor steel pan/ steel drum, 1994","Tenor steel pan/ steel drum, 1994","Steel Drums","Herman Guppy","$140",,"D4-F#6  2.3 Octaves",,,"guppy_tenor_1_icon.jpg"
"Double Seconds steel drums/ steel pans, ca. 1980's","Double Seconds steel drums/ steel pans, ca. 1980's","Steel Drums","","$85",,"F#3-C#6  2.5 Octaves",,,"Painted_Doubles-75x40.jpg"
"Double Seconds steel drums/ steel pans, 2000","Double Seconds steel drums/ steel pans, 2000","Steel Drums","Mitch  Cunningham/  Lincoln Noel","$160",,"F#3-C#6  2.5 Octaves",,,"pan_doubles_lincoln-73x37.jpg"
"Double Seconds steel drums/ steel pans, 2003","Double Seconds steel drums/ steel pans, 2003","Steel Drums","Herman Guppy","$160",,"F3-Bb5  2.5 Octaves",,,"pans_doubles_guppy-75x37.jpg"
"Quadraphonic steel drums/ steel pans","Quadraphonic steel drums/ steel pans","Steel Drums","","$160",,"B2-Bb5 2.9 Octaves",,,"pans_quads_icon.jpg"
"Bass pans/ bass cans/ bass steel drums/ bass steel pans","Bass pans/ bass cans/ bass steel drums/ bass steel pans","Steel Drums","Ellie Mannette","$180",,"Bb1-E3  1.5 octaves",,,"pans_bass_icon.jpg"
"2 note bass pan/ steel drum, 45 gal. drum","2 note bass pan/ steel drum, 45 gal. drum","Steel Drums","Dave Beery","$35",,"2 notes  C,F",,,"bass_pan_icon.jpg"
"Other ranges of steel drums available, including bass steel pans, tenor bass steel pans, cello steel pans, guitar steel pans, and more. Please inquire.","Other ranges of steel drums available, including bass steel pans, tenor bass steel pans, cello steel pans, guitar steel pans, and more. Please inquire.","Steel Drums","","",,"",,,
"Drum Workshop/ DW drumset. Collectors Series, ","Drum Workshop/ DW drumset. Collectors Series, maple w/ ""broken glass""finish. Available toms: 8x7"",10x8"", 12x9"", 13x10"".  Available Floor Toms: 14x12"",16x14""  Available Bass Drums: 22x18"",20x18"",18x16""  Available Snares: 14x5"",14x6"" edge snare","Drum Sets","D.W.","$200day",,,,"8x7"", 10x8"", 12x9"", 13x10"", 14x12"", 16x14"", 22x18"", 20x18"", 18x16"", 14x5"", 14x6""","DW_Set_All_4-103x81.jpg"
"Starclassic maple drumset. ","Starclassic maple drumset. Available toms: 8x8"",10x8"", 12x9"", 14x11"", 16x13""  Available bass drums: 20x16"", 22x18""","Drum Sets","Tama/  Starclassic","$225/day",,,,"8x8"", 10x8"", 12x9"", 14x11"", 16x13"", 20x16"", 22x18""","tama_kit_3-78x80.jpg"
"Maple Custom drumset","Maple Custom drumset  Available toms: 8"",10"",12"",13"",14"",16""  Available floor toms: 14"",16"", 18""  Available bass drums: 18"", 20"", 22"", 24""","Drum Sets","Yamaha","$200/day",,,,"8"", 10"", 12"", 13"", 14"", 16"", 14"", 16"", 18"", 18"", 20"", 22"", 24""","yamaha_maple_cust_blk_all_icon.jpg"
"Maple Custom Absolute drumset","Maple Custom Absolute drumset  Available toms: 10""x7"", 12""x8""  Available floor toms: 14""x14""  Available bass drums: 20x16""","Drum Sets","Yamaha","$200/day",,,,"10""x7"", 12""x8"", 14""x14"", 20x16""","Yamaha_MCA_4.jpg"
"Maple Custom Absolute drumset","Maple Custom Absolute drumset  Available toms: 12""x8""  Available floor toms: 14x14"", 16x14""  Available bass drums: 22x16"", 18x14"" Available snares: 14""x4"", 14""x5.5""","Drum Sets","Yamaha","$200/day",,,,"12""x8"", 14x14"", 16x14"", 22x16"", 18x14"", 14""x4"", 14""x5.5""","mca_neil_kit_all_icon.jpg"
"Design Series, satin white finish","Design Series, satin white finish  Available toms: 8"", 10"", 12""  Available floor toms: 16"", 18""  Available bass drums: 22"", 22""  Available snares: 14x5  Available ""rata"" drums: 6x16"" , 6x18""","Drum Sets","D.W.","$175/day",,,,"8"", 10"", 12"", 16"", 18"", 22"", 22"", 14x5, 6x16"", 6x18""","dw_design_all-drums_icon.jpg"
"Drum Workshop/ D.W. drumset. Bebop kit Shown with Flush base 6000 series hardware","Drum Workshop/ D.W. drumset. Bebop kit Shown with Flush base 6000 series hardware","Drum Sets","D.W.","$200/day",,,,,"DW_Bebop_6-77x66.jpg"
"Manu Katche Signature Jr. Kit","Manu Katche Signature Jr. Kit  16x16"" Bass Drum, 13x12"" floor tom  10x7"" tom, 12x5"" snare","Drum Sets","Yamaha","$175/day",,,,"16x16"", 13x12"", 10x7"", 12x5""","manu_katche_icon.jpg"
"1950s Vintage set. ","1950s Vintage set. 22"" bass drum, 13x9"" rack tom, 16x16"" floor tom","Drum Sets","Leedy","$225/day",,,,"22"", 13x9"", 16x16""","drumset_leedy_50s_s.jpg"
"Full Vintage drum kit, ca. 1920, incl. temple blocks ","Full Vintage drum kit, ca. 1920, incl. temple blocks 28x14"" bass drum","Drum Sets","Leedy","$250/day",,,,"28x14""","drumset_leedy-75x58.jpg"
"Electronic Drum set from the 1980s","Electronic Drum set from the 1980s","Drum Sets","Simmons / Tama","$175/day",,,,,"simmons-_drumset_icon.jpg"
"""Jungle Snare"" w/ tambourine jingles in the shell","""Jungle Snare"" w/ tambourine jingles in the shell","Snare Drums","Sonor",,,,,,"SD_jingle-63x47.jpg"
"Jarrah wood soprano snare","Jarrah wood soprano snare","Snare Drums","Brady",,,,,,"Snare_Brady-67x48.jpg"
"Brass free-floating piccolo w/ die cast hoops","Brass free-floating piccolo w/ die cast hoops","Snare Drums","Pearl",,,,,,"snare_pearl_1-78x39.jpg"
"Multi-model, ca. 1920s, nickel over brass","Multi-model, ca. 1920s, nickel over brass","Snare Drums","Leedy",,,,,,"leedy_nicke_iconl.jpg"
"Maple Custom Absolute","Maple Custom Absolute","Snare Drums","Yamaha",,,,,,"yamaha_mca_snare_picc_icon.jpg"
"DW Collector's series, maple ","DW Collector's series, maple","Snare Drums","D.W.",,,,,,"Snare_DW_5x14_1-78x47.jpg"
"Black Beauty w/ tube lugs and millennium strainer","Black Beauty w/ tube lugs and millennium strainer","Snare Drums","Ludwig",,,,,,"Black_Beauty-90x52.jpg"
"Concert Snare w/ solid rosewood stave shell, multi-snare","Concert Snare w/ solid rosewood stave shell, multi-snare  strainer and die cast hoops","Snare Drums","Yamaha",,,,,,"Yamaha_Concert_2-91x51.jpg"
"Roy Haynes Signature Snare drum","Roy Haynes Signature Snare drum  Hand hammered copper shell","Snare Drums","Yamaha",,,,,,"yamaha_roy_snare_icon.jpg"
"Starclassic quilted maple, 8 lugs, die cast hoops","Starclassic quilted maple, 8 lugs, die cast hoops","Snare Drums","Tama/  Starclassic",,,,,,"starclassic_SD-88x51.jpg"
"Maple Custom Absolute","Maple Custom Absolute","Snare Drums","Yamaha",,,,,,"yamaha_mca_snare_icon.jpg"
"DW Collectors Series, maple/brass shell, ""Edge Snare""","DW Collectors Series, maple/brass shell, ""Edge Snare""","Snare Drums","D.W.",,,,,,"Snare_DW_Edge_Die_Cast_1-87x62.jpg"
"Limited Edition Mahogany shell w/ 24k Gold Hardware","Limited Edition Mahogany shell w/ 24k Gold Hardware","Snare Drums","Pearl",,,,,,"pearl_mahahog_snare_cia_icon.jpg"
"Custom Drum with Vaughncraft shell made of 1 solid single","Custom Drum with Vaughncraft shell made of 1 solid single  ply of Cocobolo Rosewood. 14x6.5""","Snare Drums","Vaughncraft/  Pork Pie",,,,,"14x6.5""","Vaughn_SD_4-96x60.jpg"
"Philharmonic snare, cast aluminum, multi-snare strainer ","Philharmonic snare, cast aluminum, multi-snare strainer w/die cast hoops","Snare Drums","Pearl",,,,,,"Pearl_Concert_Snare-97x60.jpg"
"Concert snare drum, maple shell","Concert snare drum, maple shell  triple snare strainer","Snare Drums","Grover",,,,,,"grover_concert_snare_icon.jpg"
"Berlin symphonic snare drum","Berlin symphonic snare drum  thin maple shell","Snare Drums","Yamaha",,,,,,"yamaha_berlin_icon.jpg"
"""Utility"" Brass snare with single flanged hoops","""Utility"" Brass snare with single flanged hoops","Snare Drums","Leedy",,,,,,"leedy_brass_icon.jpg"
"Recording Custom, birch shell","Recording Custom, birch shell","Snare Drums","Yamaha",,,,,,"Yamaha_14_x_8_Recording_custom-85x61.jpg"
"Tabor / Tabour","Tabor / Tabour Deep Snare Cocktail Snare Drum Individual tensioned snares floor tom legs","Snare Drums","Slingerland",,,,,,"cocktail_snare_s.jpg"
"Tenor drum / field drum / tabor / tabour","Tenor drum / field drum / tabor / tabour optional snares with throw off","Snare Drums","Sonor",,,,,,"tenor_drum_sonar_s.jpg"
"Field Drum, Mahogany shell, w/ tube lugs and real ","Field Drum, Mahogany shell, w/ tube lugs and real gut snares","Snare Drums","Slingerland",,,,,,"Field_Snare_2-109x105.jpg"
"Field drum, maple, wound snares","Field drum, maple, wound snares 15""x10""","Snare Drums","Leedy",,,,,"15""x10""","leedy_field_drum_s.jpg"
"Signarure Series","Signarure Series  Field Drum, tabor, tabour, long drum","Snare Drums","Sonor",,,,,,"field_drum_sonar_s.jpg"
"Rope tension field drum with gut snares","Rope tension field drum with gut snares","Snare Drums","Cooperman",,,,,,"cooperman_snare_s.jpg"
"Tube lugs. Gut snares","Tube lugs. Gut snares","Snare Drums","Leedy",,,,,,
"Standard Roto-Toms","Standard Roto-Toms  6"",8"",10"",12"",14"",16"",18""","Misc. Drums","Remo",,,,,"6"", 8"", 10"", 12"", 14"", 16"", 18""","rototomset_125x78.jpg"
"Sonor Designer Series, single headed","Sonor Designer Series, single headed 8"",10"",12"",14"",16"",18""","Misc. Drums","Sonor",,,,,"8"", 10"", 12"", 14"", 16"", 18""","conert_toms_sonar_s.jpg"
" Roto-Tom with pedal, , (can be used w/  any size roto-tom in set. Works for piccolo timpano)","Roto-Tom with pedal, 14"", (can be used w/ any size roto-tom in set. Works for piccolo timpano)  Rapid Tuning Pedal","Misc. Drums","Remo",,,,,"14""","roto_pedal_s.jpg"
"Tenor Drum, thin shell w/ reinforcing rings","Tenor Drum, thin shell w/ reinforcing rings","Misc. Drums","Ludwig",,,,,,"tenor_drum_12_81x84.jpg"
"Orange Vistalite Octobans","Orange Vistalite Octobans","Misc. Drums","",,,,,,"octabons_76x83.jpg"
"Flapamba","Flapamba  3.5 octaves, F1-C5","Emil Richards Collection",,"$175",,"F1-C5",3.5,,"emil_flapamba_s.jpg"
"Tuned Log Drums","Tuned Log Drums  1 octave, C3-C4","Emil Richards Collection",,"$130",,"C3-C4",1,,"emil_tunedlogdrums_s.jpg"
"Bass Marimba","Bass Marimba  1.5 octaves C2-F3","Emil Richards Collection",,"$200",,"C2-F3",1.5,,"emil_bassmarimbabrock2_s.jpg"
"Contra-Bass marimba","Contra-Bass marimba  2 octaves, G1-G3","Emil Richards Collection",,"$230",,"G1-G3",2,,"emil_bassmarimbabrock_s.jpg"
"Piccolo Woodblocks","Piccolo Woodblocks  2 octaves, C6-C8","Emil Richards Collection",,"$60",,"C6-C8",2,,"emil_piccolowoodblocks_s.jpg"
"Xylorimba","Xylorimba  5 octaves, C3-C8","Emil Richards Collection",,"$175",,"C3-C8",5,,"emil_xylorimba_s.jpg"
"Stone Marimba","Stone Marimba  2 octaves, C3-C5","Emil Richards Collection",,"$125",,"C3-C5",2,,"stone_marimba_s.jpg"
"Glass Marimba","Glass Marimba  2 octaves, C4-C6","Emil Richards Collection",,"$120",,"C4-C6",2,,"emil_glassmarimba_s.jpg"
"Boobams/ Boo Bams","Boobams/ Boo Bams  2 octaves, F3-F5","Emil Richards Collection",,"$160",,"F3-F5",2,,"emil_boobams_s.jpg"
"Tubolo / Slapaphone / Klong put","Tubolo / Slapaphone / Klong put  3 octaves. F3-F6","Emil Richards Collection",,"$160",,"F3-F6",3,,"emil_tubolo_s.jpg"
"Pipe Gamelan","Pipe Gamelan  Galvanized Pipes  3 octaves, F4-F7","Emil Richards Collection",,"$125",,"F4-F7",3,,"emil_pipegamelan_s.jpg"
"Brass Pipe Gamelan","Brass Pipe Gamelan  3 octaves, C4-C7","Emil Richards Collection",,"$110",,"C4-C7",3,,"emil_brasspipegamelan_s.jpg"
"Viscount Bells","Viscount Bells  (Tube Bells)  2 Octaves, C6-C8","Emil Richards Collection",,"$110",,"C6-C8",2,,"emil_viscountbells_s.jpg"
"Tuned ""Anvils""","Tuned ""Anvils""  2 octaves, C6-C8","Emil Richards Collection",,"$120",,"C6-C8",2,,"emil_anvils_s.jpg"
"Satellite Drums/ Satellite Cans,","Satellite Drums/ Satellite Cans,  2 octaves, C4-C6","Emil Richards Collection",,"$165",,"C4-C6",2,,"emil_satellitedrums_s.jpg"
"Chromatic Cowbells/ ","Chromatic Cowbells/ tuned cowbells/ cencerros  2.5 octaves, F4-C7","Emil Richards Collection",,"$130",,"F4-C7",2.5,,"emil_chromaticcowbells_s.JPG"
"Metal Angklungs /","Metal Angklungs /  Aluminum  Chimes  2 additional octaves ring per note (3 total notes)  2 octaves. C4-C6 (lowest notes of range)","Emil Richards Collection",,"$165",,"C4-C6",2,,"emil_metalangklungs_s.jpg"
"Bamboo Angklungs/ Ang Klings - Thailand","Bamboo Angklungs/ Ang Klings - Thailand 4 octaves C2-C6","Emil Richards Collection",,"Call",,"C2-C6",4,,
"Hand Bells","Hand Bells  2 octaves, G4-G6","Emil Richards Collection",,"$150",,"G4-G6",2,,"emil_handbells_s.jpg"
"Tuned Sleigh Bells","Tuned Sleigh Bells  2 octaves, F4-F6","Emil Richards Collection",,"$80",,"F4-F6",2,,"emil_tunedsleighbells_s.jpg"
"Bulb Horns/Taxi Horns","Bulb Horns/Taxi Horns  Chromatic  2 octaves, C4-C6","Emil Richards Collection",,"$140",,"C4-C6",2,,
"Glock Tree","Glock Tree","Emil Richards Collection",,"$65",,,,,"emil_glocktree_s.jpg"
"Tuned Glasses","Tuned Glasses  ""Glass Harmonica""  armonica” and “glass harmonica”, “glass harp”, “musical glasses”, “crystallophone","Emil Richards Collection",,"$115",,,,,
"Tuned Bottles / bouteillophone","Tuned Bottles / bouteillophone  1 octave","Emil Richards Collection",,"$40",,,1,,"emil_tunedbottles_s.jpg"
"Jal TaRang / rice bowls","Jal TaRang / rice bowls  1.4 octaves, C6-F7","Emil Richards Collection",,"$65",,"C6-F7",1.4,,"emil_jaltarang_s.jpg"
"Dharma Bells","Dharma Bells  Microtonal  2.5 octaves, F3-C6","Emil Richards Collection",,"$120",,"F3-C6",2.5,,"emil_dharmabells_s.jpg"
"Rub rods / Aluminum Harp","Rub rods / Aluminum Harp  Chromatic  1 octave, G6-G7","Emil Richards Collection",,"$115",,"G6-G7",1,,"emil_rubrods2_s.jpg"
"Rubrods / Aluminum Harp","Rubrods / Aluminum Harp  Chromatic  1 octave, G6-G7","Emil Richards Collection",,"$115",,"G6-G7",1,,"emil_rubrodssquare_s.jpg"
"Cimbalom ","Cimbalom 4 Octaves, E2-E6 + low D2","Emil Richards Collection",,"$250",,"E2-E6",4,,"cimbalom_s.jpg"
"Dulcimer","Dulcimer  Chromatic  3 octaves. C3-C6","Emil Richards Collection",,"$80",,"C3-C6",3,,"emil_dulcimer_s.jpg"
"Bulbul Tarang / ""Keyboard String Harp""","Bulbul Tarang / ""Keyboard String Harp"" From India","Emil Richards Collection",,"$30",,,,,"emil_keyboardstringharp_s.jpg"
"Giant Gong Drum","Giant Gong Drum","Emil Richards Collection",,"$165",,,,,"gong_drum_s.jpg"
"Taiko/ Daiko drum","Taiko/ Daiko drum  black finish  23x27"" on tall stand","Emil Richards Collection",,"$150",,,,"23x27""","emil_taiko2_s.jpg"
"Taiko/ Daiko drum","Taiko/ Daiko drum Blonde finish 24x26"" on tall stand","Emil Richards Collection",,"$150",,,,"24x26""","emil_taikoblonde_s.jpg"
"Taiko/ Daiko drum","Taiko/ Daiko drum  black finish  24x28"" on tall stand","Emil Richards Collection",,"$150",,,,"24x28""","emil_taiko1_s.jpg"
"Death knell","Death knell","Emil Richards Collection",,"$75",,,,,"emil_deathknell_s.jpg"
"Giant Mbira/ Array Mbira","Giant Mbira/ Array Mbira  5 octaves, C1-B5  “bass mbira”, “bass kalimba”, “bass thumb piano”, “marimbula”","Emil Richards Collection",,"$80",,"C1-B5",5,,"array_mbira_s.jpg"
"Lujon / loo-jon /metal log drum","Lujon / loo-jon /metal log drum","Emil Richards Collection",,"$75",,,,,"lujon_s.jpg"
"Whale Drum","Whale Drum  8 pitches","Emil Richards Collection",,"$80",,,,,"emil_whaledrum_s.jpg"
"Piccolo Boo Bams","Piccolo Boo Bams","Emil Richards Collection",,"$60",,,,,
"Boom Whackers ","Boom Whackers 3 Octaves, C2-C5","Emil Richards Collection",,"$75",,"C2-C5",3,,
"Udu Drums - Frank Giorgini","Udu Drums - Frank Giorgini  4 sizes","Emil Richards Collection",,"$120/set",,,,,"emil_udus_s.jpg"
"Giant Flexatone","Giant Flexatone  2 octave glissando  C5-C7 approx.","Emil Richards Collection",,"$50",,"C5-C7",2,,"emil_giantflexatone_s.jpg"
"Aluminaphone","Aluminaphone micro-tonal","Emil Richards Collection",,"$160",,,,,"aluminaphone_s.jpg"
"Amphibiaphone","Amphibiaphone  graduated in size","Emil Richards Collection",,"$80",,,,,"amphibiaphone_s.jpg"
"Blacksmith Anvil","Blacksmith Anvil","Emil Richards Collection",,"$30",,,,,"anvil_s.jpg"
"Church Bell","Church Bell","Emil Richards Collection",,"$60",,,,,"church_bell_s.jpg"
"Ship Bell","Ship Bell","Emil Richards Collection",,"$75",,,,,"ship_bell_s.jpg"
"Tabor / Tabour /","Tabor / Tabour /  Deep Snare /  Cocktail Snare Drum /  Field Drum /  long drum","Emil Richards Collection",,"$40",,,,,"cocktail_snare_s.jpg"
"Tenor drum / field drum / tabor / tabour / long drum","Tenor drum / field drum / tabor / tabour / long drum optional snares with throw off","Emil Richards Collection",,"$40",,,,,"tenor_drum_sonar_s.jpg"
"Field Drum /","Field Drum /  tabor / tabour / long drum","Emil Richards Collection",,"$40",,,,,"field_drum_sonar_s.jpg"
"Field drum","Field drum  Tube lugs","Emil Richards Collection",,"$40",,,,,"Emil_leedy_tube_fielddrum_s.jpg"
"Rope Tension","Rope Tension  Civil / Revolutionary War Snare and Bass Drum","Emil Richards Collection",,"$100/ set",,,,,"cooperman_set_s.jpg"
"Concert Toms","Concert Toms  6 sizes","Emil Richards Collection",,"$100",,,,,"conert_toms_sonar_s.jpg"
"Native American Toms / ""American Indian Drums""","Native American Toms / ""American Indian Drums""  14x18"", 17x19"", 20x22""","Emil Richards Collection",,"$120",,,,"14x18"", 17x19"", 20x22""","native_american_toms_s.jpg"
"Djun, Djun set","Djun, Djun set  12x12"",16x16"", 19x19""","Emil Richards Collection",,"$120",,,,"12x12"", 16x16"", 19x19""","djun_djun_set_s.jpg"
"Extra Large Djun Djun","Extra Large Djun Djun  23x34""","Emil Richards Collection",,"$65",,,,"23x34""","giant_djun_djun_s.jpg"
"Tabla","Tabla","Emil Richards Collection",,"$40",,,,,"tabla_emil_s.jpg"
"Pakhawaj","Pakhawaj","Emil Richards Collection",,"$40",,,,,"pakhawaj_s.jpg"
"Dholak/ Dhol","Dholak/ Dhol","Emil Richards Collection",,"$40",,,,,"dholak_s.jpg"
"Chimtas","Chimtas","Emil Richards Collection",,"$15",,,,,"jingle_sticks_india_s.jpg"
"Taxi bell","Taxi bell","Emil Richards Collection",,"$20",,,,,"india_foot_bell_s.jpg"
"Janggu / Changgo","Janggu / Changgo  Seyogo","Emil Richards Collection",,"$40",,,,,"korean_drum_large_s.jpg"
"Janggu / Changgo","Janggu / Changgo Seyogo","Emil Richards Collection",,"$35",,,,,"korean_drum_small_s.jpg"
"Guban","Guban","Emil Richards Collection",,"$20",,,,,"Emil_guban_s.jpg"
"Piano guts / Pianotron","Piano guts / Pianotron  Piano harp and strings mounted vertically for use for many extended techniques and sounds","Emil Richards Collection",,"$100",,,,,"piano_guts_s.jpg"
"Siren, large air raid","Siren, large air raid","Emil Richards Collection",,"$30",,,,,"siren_large_emil_s.jpg"
"Siren, medium","Siren, medium","Emil Richards Collection",,"$25",,,,,"siren_small_s.jpg"
"Water Chimes","Water Chimes","Emil Richards Collection",,"$140",,,,,"water_chimes_s.jpg"
"Wind Machine, Large","Wind Machine, Large","Emil Richards Collection",,"$75",,,,,"Emil_windmachine_large_s.jpg"
"Wind Machine, small","Wind Machine, small","Emil Richards Collection",,"$35",,,,,"wind_machine_small_s.jpg"
"Nabimba","Nabimba  3 octaves, C3-C6","Emil Richards Collection",,"$175",,"C3-C6",3,,"nabimba_s.jpg"
"Transceleste","Transceleste","Emil Richards Collection",,"$140",,,,,"transceleste_s.jpg"
"Remo Spokes","Remo Spokes","Emil Richards Collection",,"$55",,,,,
"Avedis Splash","Avedis Splash","Cymbals","Zildjian",,,,,,"8_zild_splash_icon.jpg"
"China Splash","China Splash","Cymbals","",,,,,,"10_china_icon.jpg"
"HH Hand Hammered Splash","HH Hand Hammered Splash","Cymbals","Sabian",,,,,,"10_Sabian_HH_Splash-28x26.jpg"
"Platinum Splash","Platinum Splash","Cymbals","Zildjian",,,,,,"10_Zil_Platinum_Splash_2-34x32.jpg"
"A custom Rezo Splash","A custom Rezo Splash","Cymbals","Zildjian",,,,,,"10_zild_a_cust_splash_icon.jpg"
"Dark Energy Splash","Dark Energy Splash","Cymbals","Paiste",,,,,,"10_paiste_dark_energy_splash_icon.jpg"
"Tibetan hand cymbals","Tibetan hand cymbals","Cymbals","",,,,,,"10_tibetan_icon.jpg"
"Vintage Large Cup Hi Hats, ca. 1920","Vintage Large Cup Hi Hats, ca. 1920","Cymbals","Leedy",,,,,,"10_hh_leedy_icon.jpg"
"Vintage Splash, ca. 1920","Vintage Splash, ca. 1920","Cymbals","Leedy",,,,,,"10_leedy_splash_icon.jpg"
"AA ""El Sabor"" Splash, Brilliant Finish","AA ""El Sabor"" Splash, Brilliant Finish","Cymbals","Sabian",,,,,,"13_Sabian_El_Sabor_Splash-32x31.jpg"
"Vintage 602 Blue Label Heavy Hi Hats","Vintage 602 Blue Label Heavy Hi Hats","Cymbals","Paiste",,,,,,"13_Paiste_602_HH-59x30.jpg"
"Pair of china cymbals made in Wuhan","Pair of china cymbals made in Wuhan","Cymbals","Dream",,,,,,"13_china_dream_icon.jpg"
"Pair of Tibetan hand cymbals","Pair of Tibetan hand cymbals","Cymbals","",,,,,,"10_tibetan_icon.jpg"
"HH Hand Hammered Fusion Hats","HH Hand Hammered Fusion Hats","Cymbals","Sabian",,,,,,"14_Sabian_HH_Fusion_Hats-63x32.jpg"
"A Custom Projection Hi Hats","A Custom Projection Hi Hats","Cymbals","Zildjian",,,,,,"14_Zildjian_A_Custom_HH-74x34.jpg"
"Avedis New Beats","Avedis New Beats","Cymbals","Zildjian",,,,,,"14_zild_new_beat_icon.jpg"
"K. Constantinople Hi Hats","K. Constantinople Hi Hats","Cymbals","Zildjian",,,,,,"14_Zil_const_HH-60x32.jpg"
"Platinum Quickbeats Hi Hats","Platinum Quickbeats Hi Hats","Cymbals","Zildjian",,,,,,"14_Zil_Quick_Beats_Platinum_HH-65x33.jpg"
"Signature Series, Dry Crisp Hi Hats","Signature Series, Dry Crisp Hi Hats","Cymbals","Paiste",,,,,,"14_paiste_dry_crisp_icon.jpg"
"""Glennie's Garbage""","""Glennie's Garbage""","Cymbals","Sabian",,,,,,"14_sabian_glennies_garbage_icon.jpg"
"Hand Hammered Thin Crash","Hand Hammered Thin Crash","Cymbals","Sabian",,,,,,"14_sabian_hand_hammered_thin_crash_icon.jpg"
"Avedis Paper Thin Crash","Avedis Paper Thin Crash","Cymbals","Zildjian",,,,,,"14_zild_paper_thin_icon.jpg"
"Platinum Thin Crash","Platinum Thin Crash","Cymbals","Zildjian",,,,,,"14_Zil_Platinum_Thin_Crash-37x36.jpg"
"Avedis Thin Crash","Avedis Thin Crash","Cymbals","Zildjian",,,,,,"15_zild_thin_icon.jpg"
"A Custom Medium Crash","A Custom Medium Crash","Cymbals","Zildjian",,,,,,"16_Zildian_A_Custom_Med_Crash-33x31.jpg"
"K. Constantinople Crash","K. Constantinople Crash","Cymbals","Zildjian",,,,,,"16_Zil_Const_Crash-33x34.jpg"
"Platinum Medium Thin Crash","Platinum Medium Thin Crash","Cymbals","Zildjian",,,,,,"16_Zil_Platinum_Med_Thin-34x32.jpg"
"Hand Hammered Medium Crash","Hand Hammered Medium Crash","Cymbals","Sabian",,,,,,"16_sabian_medium_icon.jpg"
"Avedis, Armand Thin Crash","Avedis, Armand Thin Crash","Cymbals","Zildjian",,,,,,"16_zild_armand_thin_icon.jpg"
"Avedis, Classic Orchestral Selection,","Avedis, Classic Orchestral Selection,  Suspended","Cymbals","Zildjian",,,,,,"16_sus_zild_icon.jpg"
"Avedis, Classic Orchestral Series,","Avedis, Classic Orchestral Series,  Medium Heavy, Piatti","Cymbals","Zildjian",,,,,,"20_piatti_zild_orh_sel_icon.jpg"
"Piatti, pair of Orchestral Hand Crash Cymbals","Piatti, pair of Orchestral Hand Crash Cymbals","Cymbals","Ufip",,,,,,"16_Ufip_Piatti-60x34.jpg"
"K. Dark Thin Crash","K. Dark Thin Crash","Cymbals","Zildjian",,,,,,"17_Zil_K_Dark_Crash-39x38.jpg"
"K. Custom Dark China","K. Custom Dark China","Cymbals","Zildjian",,,,,,"17_K_Zildjian_China-38x38.jpg"
"Signature Series Fast Crash","Signature Series Fast Crash","Cymbals","Paiste",,,,,,"17_paiste_fast_icon.jpg"
"Piatti, K Constantinople Special Selection","Piatti, K Constantinople Special Selection  Hand Crash Cymbals","Cymbals","Zildjian",,,,,,"17_piatti_zild_spec_sel_icon.jpg"
"HH Hand Hammered Dark Crash","HH Hand Hammered Dark Crash","Cymbals","Sabian",,,,,,"18_Sabian_HH_Dark_Crash-38x38.jpg"
"A Custom Projection Crash","A Custom Projection Crash","Cymbals","Zildjian",,,,,,"18_zild_proj_crash_icon.jpg"
"K Dark Crash","K Dark Crash","Cymbals","Zildjian",,,,,,"18_zild_k_dark_icon.jpg"
"HH Orchestral Suspended Cymbal","HH Orchestral Suspended Cymbal","Cymbals","Sabian",,,,,,"18_Sabian_HH_Sus-42x41.jpg"
"Avedis, Classic Orchestral Selection,","Avedis, Classic Orchestral Selection, Suspended","Cymbals","Zildjian",,,,,,"18_sus_zild_icon.jpg"
"Dark Energy Crash","Dark Energy Crash","Cymbals","Paiste",,,,,,"18_paiste_dark_energy_crash_icon.jpg"
"Traditional Thin Crash with Rivets","Traditional Thin Crash with Rivets","Cymbals","Paiste",,,,,,"18_paiste_thincrash_rivets_icon.jpg"
"Signature Series, Full Crash","Signature Series, Full Crash","Cymbals","Paiste",,,,,,"18_paiste_sig_full_crash_icon.jpg"
"Piatti, Pair of Hand Crash Cymbals Symphonic Light","Piatti, Pair of Hand Crash Cymbals Symphonic Light","Cymbals","Paiste",,,,,,"18_paiste_piatti_symph_light_icon.jpg"
"Piatti, Pair of ""Energy"" Piatti Hand Crash Cymbals","Piatti, Pair of ""Energy"" Piatti Hand Crash Cymbals","Cymbals","Dream",,,,,,"18_dream_piatti_energy_icon.jpg"
"Piatti, K Constantinople Special Selection","Piatti, K Constantinople Special Selection  Hand Crash Cymbals","Cymbals","Zildjian",,,,,,"18_piatti_zild_spec_sel_icon.jpg"
"Piatti, Pair of AA Orchestral French Hand Crash Cymbals","Piatti, Pair of AA Orchestral French Hand Crash Cymbals","Cymbals","Sabian",,,,,,"18_Sabian_Piatti_French-73x37.jpg"
"Piatti, Pair of Avedis Orchestral Hand Crash Cymbals","Piatti, Pair of Avedis Orchestral Hand Crash Cymbals","Cymbals","Zildjian",,,,,,"18_Zil_Avedis_Piatti-74x38.jpg"
"K. Constantinople Crash","K. Constantinople Crash","Cymbals","Zildjian",,,,,,"18_Zil_Const_Crash-40x40.jpg"
"A Custom Medium Crash","A Custom Medium Crash","Cymbals","Zildjian",,,,,,"18_Zildjian_A_Custom_Med_Crash-47x44.jpg"
"K Dark Thin Crash","K Dark Thin Crash","Cymbals","Zildjian",,,,,,"18_zildjian_K_dark_thin_crash_icon.jpg"
"Platinum Medium Crash","Platinum Medium Crash","Cymbals","Zildjian",,,,,,"18_zild_plat_icon.jpg"
"K Hybrid Crash","K Hybrid Crash","Cymbals","Zildjian",,,,,,"19_zild_hybrid_icon.jpg"
"Paragon Chinese Cymbal","Paragon Chinese Cymbal","Cymbals","Sabian",,,,,,"19_Sabian_Paragon_China-50x49.jpg"
"K. Constantinople Medium Ride","K. Constantinople Medium Ride","Cymbals","Zildjian",,,,,,"20_Zil_Const_Ride-50x49.jpg"
"Avedis Medium Ride","Avedis Medium Ride","Cymbals","Zildjian",,,,,,"20_zild_med_ride_icon.jpg"
"Platinum Medium Ride","Platinum Medium Ride","Cymbals","Zildjian",,,,,,"20_Platinum_Medium_Ride-60x57.jpg"
"A Custom Medium Ride","A Custom Medium Ride","Cymbals","Zildjian",,,,,,"20_Zildjian_Medium_Ride-59x53.jpg"
"A Custom Flat Top Ride","A Custom Flat Top Ride","Cymbals","Zildjian",,,,,,"20_Zil_A_Custom_Flat_Top-53x52.jpg"
"Sound Creation Mellow Flat Ride","Sound Creation Mellow Flat Ride","Cymbals","Paiste",,,,,,"20_Paiste_Sound_Creation_Mellow_Ride-56x54.jpg"
"Platinum China Boy Low","Platinum China Boy Low","Cymbals","Zildjian",,,,,,"20_Zil_Platinum_China-54x52.jpg"
"Avedis, Classic Orchestral Selection,","Avedis, Classic Orchestral Selection, Suspended","Cymbals","Zildjian",,,,,,"20_sus_zild_icon.jpg"
"Avedis, Classic Orchestral Series,","Avedis, Classic Orchestral Series,  Medium Light, Piatti","Cymbals","Zildjian",,,,,,"20_piatti_zild_spec_sel_med_li_icon.jpg"
"K Symphonic Traditional Piatti","K Symphonic Traditional Piatti","Cymbals","Zildjian",,,,,,"20_piatti_zild_k_symph_icon.jpg"
"Piatti, Avedis, Viennese ","Piatti, Avedis, Viennese","Cymbals","Zildjian",,,,,,"20_piatti_zild_vienesse_icon.jpg"
"Piatti, Symphonic Medium Light","Piatti, Symphonic Medium Light","Cymbals","Paiste",,,,,,"20_paiste_med_heavy_icon.jpg"
"Piatti, Pair of HH Viennese Orchestral Hand Crash Cymbals","Piatti, Pair of HH Viennese Orchestral Hand Crash Cymbals","Cymbals","Sabian",,,,,,"20_Sabian_Viennesse_Piatti-74x35.jpg"
"China cymbals, single or as pair of crash cymbals, piatti","China cymbals, single or as pair of crash cymbals, piatti","Cymbals","Dream",,,,,,"20_dream_piatti_china_icon.jpg"
"HH Hand Hammered Raw Bell Dry Ride in Brilliant Finish","HH Hand Hammered Raw Bell Dry Ride in Brilliant Finish","Cymbals","Sabian",,,,,,"21_Sabian_HH_Dry_Ride-74x72.jpg"
"Swish with rivets","Swish with rivets","Cymbals","",,,,,,"23_swish_icon.jpg"
